v,tunning,n,dataset,task,params,acc,f1,cm,lang,embeddings,loss,val_loss
_grid,,0.0,brmoral,gender,"{'features_maps': [10], 'kernel_size': [3], 'strides': [1], 'dropout_rate': 0.25, 'epochs': 100, 'batch_size': 30, 'embedding_dim': 100, 'max_seq_length': 302, 'max_num_words': 6664, 'optimizer': None, 'n_classes': 3}",0.5782608695652174,0.5740008783487043,"[[110 120]
 [ 74 156]]",pt,,,
_grid,,0.0,brmoral,age,"{'features_maps': [10], 'kernel_size': [3], 'strides': [1], 'dropout_rate': 0.25, 'epochs': 100, 'batch_size': 30, 'embedding_dim': 100, 'max_seq_length': 302, 'max_num_words': 6664, 'optimizer': None, 'n_classes': 3}",0.3543307086614173,0.2586856791632129,"[[  2  24 101]
 [  1  24 102]
 [  0  18 109]]",pt,,,
_grid,,0.0,brmoral,religion,"{'features_maps': [10], 'kernel_size': [3], 'strides': [1], 'dropout_rate': 0.25, 'epochs': 100, 'batch_size': 30, 'embedding_dim': 100, 'max_seq_length': 302, 'max_num_words': 6664, 'optimizer': None, 'n_classes': 3}",0.31712962962962965,0.3127332437677265,"[[32 37 75]
 [26 45 73]
 [30 54 60]]",pt,,,
_grid,,0.0,brmoral,education,"{'features_maps': [10], 'kernel_size': [3], 'strides': [1], 'dropout_rate': 0.25, 'epochs': 100, 'batch_size': 30, 'embedding_dim': 100, 'max_seq_length': 302, 'max_num_words': 6664, 'optimizer': None, 'n_classes': 3}",0.3591731266149871,0.34425150457852105,"[[66 17 46]
 [56 23 50]
 [60 19 50]]",pt,,,
_grid,,0.0,brmoral,it,"{'features_maps': [10], 'kernel_size': [3], 'strides': [1], 'dropout_rate': 0.25, 'epochs': 100, 'batch_size': 30, 'embedding_dim': 100, 'max_seq_length': 302, 'max_num_words': 6664, 'optimizer': None, 'n_classes': 3}",0.5705128205128205,0.5551393913598638,"[[177  57]
 [144  90]]",pt,,,
_grid,,0.0,brmoral,politics,"{'features_maps': [10], 'kernel_size': [3], 'strides': [1], 'dropout_rate': 0.25, 'epochs': 100, 'batch_size': 30, 'embedding_dim': 100, 'max_seq_length': 302, 'max_num_words': 6664, 'optimizer': None, 'n_classes': 3}",0.30303030303030304,0.3015158641464508,"[[29 71 32]
 [35 49 48]
 [17 73 42]]",pt,,,
_grid,,0.0,brmoral,gender,"{'features_maps': [10], 'kernel_size': [3], 'strides': [1], 'dropout_rate': 0.25, 'epochs': 100, 'batch_size': 30, 'embedding_dim': 100, 'max_seq_length': 302, 'max_num_words': 6697, 'optimizer': None, 'n_classes': 3}",0.5934782608695652,0.5918561010443207,"[[151  79]
 [108 122]]",pt,LILC-fasttext-100dim,,
_grid,,0.0,brmoral,age,"{'features_maps': [10], 'kernel_size': [3], 'strides': [1], 'dropout_rate': 0.25, 'epochs': 100, 'batch_size': 30, 'embedding_dim': 100, 'max_seq_length': 302, 'max_num_words': 6697, 'optimizer': None, 'n_classes': 3}",0.33858267716535434,0.3324219330278406,"[[60 41 26]
 [56 36 35]
 [65 29 33]]",pt,LILC-fasttext-100dim,,
_grid,,0.0,brmoral,religion,"{'features_maps': [10], 'kernel_size': [3], 'strides': [1], 'dropout_rate': 0.25, 'epochs': 100, 'batch_size': 30, 'embedding_dim': 100, 'max_seq_length': 302, 'max_num_words': 6697, 'optimizer': None, 'n_classes': 3}",0.33796296296296297,0.33420081111990085,"[[38 52 54]
 [29 45 70]
 [40 41 63]]",pt,LILC-fasttext-100dim,,
_grid,,0.0,brmoral,education,"{'features_maps': [10], 'kernel_size': [3], 'strides': [1], 'dropout_rate': 0.25, 'epochs': 100, 'batch_size': 30, 'embedding_dim': 100, 'max_seq_length': 302, 'max_num_words': 6697, 'optimizer': None, 'n_classes': 3}",0.32041343669250644,0.2622190245509561,"[[59 69  1]
 [59 64  6]
 [66 62  1]]",pt,LILC-fasttext-100dim,,
_grid,,0.0,brmoral,it,"{'features_maps': [10], 'kernel_size': [3], 'strides': [1], 'dropout_rate': 0.25, 'epochs': 100, 'batch_size': 30, 'embedding_dim': 100, 'max_seq_length': 302, 'max_num_words': 6697, 'optimizer': None, 'n_classes': 3}",0.5534188034188035,0.5502958579881657,"[[149  85]
 [124 110]]",pt,LILC-fasttext-100dim,,
_grid,,0.0,brmoral,politics,"{'features_maps': [10], 'kernel_size': [3], 'strides': [1], 'dropout_rate': 0.25, 'epochs': 100, 'batch_size': 30, 'embedding_dim': 100, 'max_seq_length': 302, 'max_num_words': 6697, 'optimizer': None, 'n_classes': 3}",0.33585858585858586,0.2872690475994218,"[[65  4 63]
 [67  5 60]
 [63  6 63]]",pt,LILC-fasttext-100dim,,
_grid,,0.0,brmoral,gender,"{'features_maps': [10], 'kernel_size': [2], 'strides': [1], 'dropout_rate': None, 'epochs': 100, 'batch_size': 32, 'embedding_dim': 100, 'max_seq_length': 10, 'max_num_words': 6365, 'dense_units': [512], 'optimizer': None, 'n_classes': 2}",0.55,0.5033356109723084,"[[197  33]
 [174  56]]",pt,LILC-fasttext-100dim,,
_grid,,0.0,brmoral,gender,"{'features_maps': [10], 'kernel_size': [1], 'strides': [1], 'dropout_rate': None, 'epochs': 100, 'batch_size': 32, 'embedding_dim': 100, 'max_seq_length': 10, 'max_num_words': 10, 'dense_units': [512], 'optimizer': None, 'n_classes': 2}",0.5434782608695652,0.5431673728813561,"[[119 111]
 [ 99 131]]",pt,LILC-fasttext-100dim,,
_grid,,1.0,brmoral,gender,"{'features_maps': [10], 'kernel_size': [1], 'strides': [1], 'dropout_rate': None, 'epochs': 100, 'batch_size': 32, 'embedding_dim': 100, 'max_seq_length': 50, 'max_num_words': 10, 'dense_units': [512], 'optimizer': None, 'n_classes': 2}",0.5826086956521739,0.5814694063234513,"[[146  84]
 [108 122]]",pt,LILC-fasttext-100dim,,
_grid,,2.0,brmoral,gender,"{'features_maps': [10], 'kernel_size': [1], 'strides': [1], 'dropout_rate': None, 'epochs': 100, 'batch_size': 32, 'embedding_dim': 100, 'max_seq_length': 302, 'max_num_words': 10, 'dense_units': [512], 'optimizer': None, 'n_classes': 2}",0.5673913043478261,0.5673892598736289,"[[130 100]
 [ 99 131]]",pt,LILC-fasttext-100dim,,
_grid,,3.0,brmoral,gender,"{'features_maps': [10], 'kernel_size': [1], 'strides': [1], 'dropout_rate': None, 'epochs': 100, 'batch_size': 32, 'embedding_dim': 100, 'max_seq_length': 10, 'max_num_words': 100, 'dense_units': [512], 'optimizer': None, 'n_classes': 2}",0.5978260869565217,0.5952071768673507,"[[119 111]
 [ 74 156]]",pt,LILC-fasttext-100dim,,
_grid,,4.0,brmoral,gender,"{'features_maps': [10], 'kernel_size': [1], 'strides': [1], 'dropout_rate': None, 'epochs': 100, 'batch_size': 32, 'embedding_dim': 100, 'max_seq_length': 50, 'max_num_words': 100, 'dense_units': [512], 'optimizer': None, 'n_classes': 2}",0.5652173913043478,0.5165121607702172,"[[ 57 173]
 [ 27 203]]",pt,LILC-fasttext-100dim,,
_grid,,5.0,brmoral,gender,"{'features_maps': [10], 'kernel_size': [1], 'strides': [1], 'dropout_rate': None, 'epochs': 100, 'batch_size': 32, 'embedding_dim': 100, 'max_seq_length': 302, 'max_num_words': 100, 'dense_units': [512], 'optimizer': None, 'n_classes': 2}",0.5956521739130435,0.5945484873758435,"[[125 105]
 [ 81 149]]",pt,LILC-fasttext-100dim,,
_grid,,6.0,brmoral,gender,"{'features_maps': [10], 'kernel_size': [1], 'strides': [1], 'dropout_rate': None, 'epochs': 100, 'batch_size': 32, 'embedding_dim': 100, 'max_seq_length': 10, 'max_num_words': 500, 'dense_units': [512], 'optimizer': None, 'n_classes': 2}",0.6195652173913043,0.596933691837031,"[[ 88 142]
 [ 33 197]]",pt,LILC-fasttext-100dim,,
_grid,,7.0,brmoral,gender,"{'features_maps': [10], 'kernel_size': [1], 'strides': [1], 'dropout_rate': None, 'epochs': 100, 'batch_size': 32, 'embedding_dim': 100, 'max_seq_length': 50, 'max_num_words': 500, 'dense_units': [512], 'optimizer': None, 'n_classes': 2}",0.5521739130434783,0.5119891232696111,"[[193  37]
 [169  61]]",pt,LILC-fasttext-100dim,,
_grid,,8.0,brmoral,gender,"{'features_maps': [10], 'kernel_size': [1], 'strides': [1], 'dropout_rate': None, 'epochs': 100, 'batch_size': 32, 'embedding_dim': 100, 'max_seq_length': 302, 'max_num_words': 500, 'dense_units': [512], 'optimizer': None, 'n_classes': 2}",0.6021739130434782,0.5995833154958117,"[[120 110]
 [ 73 157]]",pt,LILC-fasttext-100dim,,
_grid,,9.0,brmoral,gender,"{'features_maps': [10], 'kernel_size': [1], 'strides': [1], 'dropout_rate': None, 'epochs': 100, 'batch_size': 32, 'embedding_dim': 100, 'max_seq_length': 10, 'max_num_words': 6324, 'dense_units': [512], 'optimizer': None, 'n_classes': 2}",0.5521739130434783,0.5433341044028067,"[[159  71]
 [135  95]]",pt,LILC-fasttext-100dim,,
_grid,,10.0,brmoral,gender,"{'features_maps': [10], 'kernel_size': [1], 'strides': [1], 'dropout_rate': None, 'epochs': 100, 'batch_size': 32, 'embedding_dim': 100, 'max_seq_length': 50, 'max_num_words': 6360, 'dense_units': [512], 'optimizer': None, 'n_classes': 2}",0.5586956521739129,0.5586935666047571,"[[128 102]
 [101 129]]",pt,LILC-fasttext-100dim,,
_grid,,11.0,brmoral,gender,"{'features_maps': [10], 'kernel_size': [1], 'strides': [1], 'dropout_rate': None, 'epochs': 100, 'batch_size': 32, 'embedding_dim': 100, 'max_seq_length': 302, 'max_num_words': 6447, 'dense_units': [512], 'optimizer': None, 'n_classes': 2}",0.5630434782608695,0.5257464389948656,"[[194  36]
 [165  65]]",pt,LILC-fasttext-100dim,,
_grid,,12.0,brmoral,gender,"{'features_maps': [40], 'kernel_size': [1], 'strides': [1], 'dropout_rate': None, 'epochs': 100, 'batch_size': 32, 'embedding_dim': 100, 'max_seq_length': 10, 'max_num_words': 10, 'dense_units': [512], 'optimizer': None, 'n_classes': 2}",0.55,0.5242591843158415,"[[ 73 157]
 [ 50 180]]",pt,LILC-fasttext-100dim,,
_grid,,13.0,brmoral,gender,"{'features_maps': [40], 'kernel_size': [1], 'strides': [1], 'dropout_rate': None, 'epochs': 100, 'batch_size': 32, 'embedding_dim': 100, 'max_seq_length': 50, 'max_num_words': 10, 'dense_units': [512], 'optimizer': None, 'n_classes': 2}",0.5695652173913044,0.5599489795918366,"[[ 97 133]
 [ 65 165]]",pt,LILC-fasttext-100dim,,
_grid,,14.0,brmoral,gender,"{'features_maps': [40], 'kernel_size': [1], 'strides': [1], 'dropout_rate': None, 'epochs': 100, 'batch_size': 32, 'embedding_dim': 100, 'max_seq_length': 302, 'max_num_words': 10, 'dense_units': [512], 'optimizer': None, 'n_classes': 2}",0.5195652173913043,0.4838519691915577,"[[ 59 171]
 [ 50 180]]",pt,LILC-fasttext-100dim,,
_grid,,15.0,brmoral,gender,"{'features_maps': [40], 'kernel_size': [1], 'strides': [1], 'dropout_rate': None, 'epochs': 100, 'batch_size': 32, 'embedding_dim': 100, 'max_seq_length': 10, 'max_num_words': 100, 'dense_units': [512], 'optimizer': None, 'n_classes': 2}",0.6282608695652174,0.6265648811473659,"[[129 101]
 [ 70 160]]",pt,LILC-fasttext-100dim,,
_grid,,16.0,brmoral,gender,"{'features_maps': [40], 'kernel_size': [1], 'strides': [1], 'dropout_rate': None, 'epochs': 100, 'batch_size': 32, 'embedding_dim': 100, 'max_seq_length': 50, 'max_num_words': 100, 'dense_units': [512], 'optimizer': None, 'n_classes': 2}",0.5956521739130435,0.5886538461538462,"[[107 123]
 [ 63 167]]",pt,LILC-fasttext-100dim,,
_grid,,17.0,brmoral,gender,"{'features_maps': [40], 'kernel_size': [1], 'strides': [1], 'dropout_rate': None, 'epochs': 100, 'batch_size': 32, 'embedding_dim': 100, 'max_seq_length': 302, 'max_num_words': 100, 'dense_units': [512], 'optimizer': None, 'n_classes': 2}",0.5543478260869565,0.5530276099063871,"[[115 115]
 [ 90 140]]",pt,LILC-fasttext-100dim,,
_grid,,18.0,brmoral,gender,"{'features_maps': [40], 'kernel_size': [1], 'strides': [1], 'dropout_rate': None, 'epochs': 100, 'batch_size': 32, 'embedding_dim': 100, 'max_seq_length': 10, 'max_num_words': 500, 'dense_units': [512], 'optimizer': None, 'n_classes': 2}",0.5543478260869565,0.5463707252776856,"[[158  72]
 [133  97]]",pt,LILC-fasttext-100dim,,
_grid,,19.0,brmoral,gender,"{'features_maps': [40], 'kernel_size': [1], 'strides': [1], 'dropout_rate': None, 'epochs': 100, 'batch_size': 32, 'embedding_dim': 100, 'max_seq_length': 50, 'max_num_words': 500, 'dense_units': [512], 'optimizer': None, 'n_classes': 2}",0.5847826086956521,0.5701039755351682,"[[ 92 138]
 [ 53 177]]",pt,LILC-fasttext-100dim,,
_grid,,20.0,brmoral,gender,"{'features_maps': [40], 'kernel_size': [1], 'strides': [1], 'dropout_rate': None, 'epochs': 100, 'batch_size': 32, 'embedding_dim': 100, 'max_seq_length': 302, 'max_num_words': 500, 'dense_units': [512], 'optimizer': None, 'n_classes': 2}",0.6543478260869565,0.6518452582123868,"[[131  99]
 [ 60 170]]",pt,LILC-fasttext-100dim,,
_grid,,21.0,brmoral,gender,"{'features_maps': [40], 'kernel_size': [1], 'strides': [1], 'dropout_rate': None, 'epochs': 100, 'batch_size': 32, 'embedding_dim': 100, 'max_seq_length': 10, 'max_num_words': 6306, 'dense_units': [512], 'optimizer': None, 'n_classes': 2}",0.5739130434782609,0.5738405399784463,"[[135  95]
 [101 129]]",pt,LILC-fasttext-100dim,,
_grid,,22.0,brmoral,gender,"{'features_maps': [40], 'kernel_size': [1], 'strides': [1], 'dropout_rate': None, 'epochs': 100, 'batch_size': 32, 'embedding_dim': 100, 'max_seq_length': 50, 'max_num_words': 6319, 'dense_units': [512], 'optimizer': None, 'n_classes': 2}",0.5717391304347826,0.5526595088238924,"[[179  51]
 [146  84]]",pt,LILC-fasttext-100dim,,
_grid,,23.0,brmoral,gender,"{'features_maps': [40], 'kernel_size': [1], 'strides': [1], 'dropout_rate': None, 'epochs': 100, 'batch_size': 32, 'embedding_dim': 100, 'max_seq_length': 302, 'max_num_words': 6344, 'dense_units': [512], 'optimizer': None, 'n_classes': 2}",0.6217391304347826,0.6212809448103566,"[[151  79]
 [ 95 135]]",pt,LILC-fasttext-100dim,,
_grid,,24.0,brmoral,gender,"{'features_maps': [80], 'kernel_size': [1], 'strides': [1], 'dropout_rate': None, 'epochs': 100, 'batch_size': 32, 'embedding_dim': 100, 'max_seq_length': 10, 'max_num_words': 10, 'dense_units': [512], 'optimizer': None, 'n_classes': 2}",0.5760869565217391,0.5758444100832707,"[[138  92]
 [103 127]]",pt,LILC-fasttext-100dim,,
_grid,,25.0,brmoral,gender,"{'features_maps': [80], 'kernel_size': [1], 'strides': [1], 'dropout_rate': None, 'epochs': 100, 'batch_size': 32, 'embedding_dim': 100, 'max_seq_length': 50, 'max_num_words': 10, 'dense_units': [512], 'optimizer': None, 'n_classes': 2}",0.5130434782608696,0.5125920039355925,"[[111 119]
 [105 125]]",pt,LILC-fasttext-100dim,,
_grid,,26.0,brmoral,gender,"{'features_maps': [80], 'kernel_size': [1], 'strides': [1], 'dropout_rate': None, 'epochs': 100, 'batch_size': 32, 'embedding_dim': 100, 'max_seq_length': 302, 'max_num_words': 10, 'dense_units': [512], 'optimizer': None, 'n_classes': 2}",0.5391304347826087,0.5321974057870903,"[[ 96 134]
 [ 78 152]]",pt,LILC-fasttext-100dim,,
_grid,,27.0,brmoral,gender,"{'features_maps': [80], 'kernel_size': [1], 'strides': [1], 'dropout_rate': None, 'epochs': 100, 'batch_size': 32, 'embedding_dim': 100, 'max_seq_length': 10, 'max_num_words': 100, 'dense_units': [512], 'optimizer': None, 'n_classes': 2}",0.5673913043478261,0.5520978593272171,"[[ 88 142]
 [ 57 173]]",pt,LILC-fasttext-100dim,,
_grid,,28.0,brmoral,gender,"{'features_maps': [80], 'kernel_size': [1], 'strides': [1], 'dropout_rate': None, 'epochs': 100, 'batch_size': 32, 'embedding_dim': 100, 'max_seq_length': 50, 'max_num_words': 100, 'dense_units': [512], 'optimizer': None, 'n_classes': 2}",0.5652173913043478,0.5471014492753623,"[[176  54]
 [146  84]]",pt,LILC-fasttext-100dim,,
_grid,,29.0,brmoral,gender,"{'features_maps': [80], 'kernel_size': [1], 'strides': [1], 'dropout_rate': None, 'epochs': 100, 'batch_size': 32, 'embedding_dim': 100, 'max_seq_length': 302, 'max_num_words': 100, 'dense_units': [512], 'optimizer': None, 'n_classes': 2}",0.5630434782608695,0.5552220281990966,"[[ 99 131]
 [ 70 160]]",pt,LILC-fasttext-100dim,,
_grid,,30.0,brmoral,gender,"{'features_maps': [80], 'kernel_size': [1], 'strides': [1], 'dropout_rate': None, 'epochs': 100, 'batch_size': 32, 'embedding_dim': 100, 'max_seq_length': 10, 'max_num_words': 500, 'dense_units': [512], 'optimizer': None, 'n_classes': 2}",0.5391304347826087,0.519927536231884,"[[170  60]
 [152  78]]",pt,LILC-fasttext-100dim,,
_grid,,31.0,brmoral,gender,"{'features_maps': [80], 'kernel_size': [1], 'strides': [1], 'dropout_rate': None, 'epochs': 100, 'batch_size': 32, 'embedding_dim': 100, 'max_seq_length': 50, 'max_num_words': 500, 'dense_units': [512], 'optimizer': None, 'n_classes': 2}",0.55,0.5281443416468862,"[[176  54]
 [153  77]]",pt,LILC-fasttext-100dim,,
_grid,,32.0,brmoral,gender,"{'features_maps': [80], 'kernel_size': [1], 'strides': [1], 'dropout_rate': None, 'epochs': 100, 'batch_size': 32, 'embedding_dim': 100, 'max_seq_length': 302, 'max_num_words': 500, 'dense_units': [512], 'optimizer': None, 'n_classes': 2}",0.6478260869565218,0.6417307692307692,"[[119 111]
 [ 51 179]]",pt,LILC-fasttext-100dim,,
_grid,,33.0,brmoral,gender,"{'features_maps': [80], 'kernel_size': [1], 'strides': [1], 'dropout_rate': None, 'epochs': 100, 'batch_size': 32, 'embedding_dim': 100, 'max_seq_length': 10, 'max_num_words': 6293, 'dense_units': [512], 'optimizer': None, 'n_classes': 2}",0.55,0.5482043471453176,"[[141  89]
 [118 112]]",pt,LILC-fasttext-100dim,,
_grid,,34.0,brmoral,gender,"{'features_maps': [80], 'kernel_size': [1], 'strides': [1], 'dropout_rate': None, 'epochs': 100, 'batch_size': 32, 'embedding_dim': 100, 'max_seq_length': 50, 'max_num_words': 6407, 'dense_units': [512], 'optimizer': None, 'n_classes': 2}",0.5826086956521739,0.5822217176590793,"[[141  89]
 [103 127]]",pt,LILC-fasttext-100dim,,
_grid,,0.0,brmoral,gender,"{'features_maps': [45], 'kernel_size': [2], 'strides': [1], 'dropout_rate': None, 'epochs': 100, 'batch_size': 32, 'embedding_dim': 100, 'max_seq_length': 302, 'max_num_words': 500, 'dense_units': [512], 'optimizer': None, 'n_classes': 2}",0.5956521739130435,0.5475409836065573,"[[ 62 168]
 [ 18 212]]",pt,LILC-fasttext-100dim,,
_grid,,1.0,brmoral,gender,"{'features_maps': [45], 'kernel_size': [3], 'strides': [1], 'dropout_rate': None, 'epochs': 100, 'batch_size': 32, 'embedding_dim': 100, 'max_seq_length': 302, 'max_num_words': 500, 'dense_units': [512], 'optimizer': None, 'n_classes': 2}",0.5369565217391304,0.4564849587565387,"[[212  18]
 [195  35]]",pt,LILC-fasttext-100dim,,
_grid,,2.0,brmoral,gender,"{'features_maps': [45], 'kernel_size': [9], 'strides': [1], 'dropout_rate': None, 'epochs': 100, 'batch_size': 32, 'embedding_dim': 100, 'max_seq_length': 302, 'max_num_words': 500, 'dense_units': [512], 'optimizer': None, 'n_classes': 2}",0.6065217391304348,0.5682229517038235,"[[ 71 159]
 [ 22 208]]",pt,LILC-fasttext-100dim,,
_grid,,0.0,brmoral,gender,"{'features_maps': [45, 45], 'kernel_size': [1, 1], 'strides': [1], 'dropout_rate': None, 'epochs': 100, 'batch_size': 32, 'embedding_dim': 100, 'max_seq_length': 302, 'max_num_words': 500, 'dense_units': [512], 'optimizer': None, 'n_classes': 2}",0.6369565217391304,0.63507845195738,"[[130 100]
 [ 67 163]]",pt,LILC-fasttext-100dim,,
_grid,,1.0,brmoral,gender,"{'features_maps': [45, 45], 'kernel_size': [3, 4], 'strides': [1], 'dropout_rate': None, 'epochs': 100, 'batch_size': 32, 'embedding_dim': 100, 'max_seq_length': 302, 'max_num_words': 500, 'dense_units': [512], 'optimizer': None, 'n_classes': 2}",0.6282608695652174,0.6274845021997641,"[[155  75]
 [ 96 134]]",pt,LILC-fasttext-100dim,,
_grid,,2.0,brmoral,gender,"{'features_maps': [45, 45], 'kernel_size': [7, 8], 'strides': [1], 'dropout_rate': None, 'epochs': 100, 'batch_size': 32, 'embedding_dim': 100, 'max_seq_length': 302, 'max_num_words': 500, 'dense_units': [512], 'optimizer': None, 'n_classes': 2}",0.6652173913043479,0.6641444311695208,"[[166  64]
 [ 90 140]]",pt,LILC-fasttext-100dim,,
_grid,,0.0,brmoral,gender,"{'features_maps': [60, 60], 'kernel_size': [7, 8], 'strides': [1], 'dropout_rate': None, 'epochs': 100, 'batch_size': 32, 'embedding_dim': 100, 'max_seq_length': 302, 'max_num_words': 500, 'dense_units': [512], 'optimizer': None, 'n_classes': 2}",0.5608695652173913,0.5131612037890855,"[[201  29]
 [173  57]]",pt,LILC-fasttext-100dim,,
_grid,,1.0,brmoral,gender,"{'features_maps': [80, 80], 'kernel_size': [7, 8], 'strides': [1], 'dropout_rate': None, 'epochs': 100, 'batch_size': 32, 'embedding_dim': 100, 'max_seq_length': 302, 'max_num_words': 500, 'dense_units': [512], 'optimizer': None, 'n_classes': 2}",0.6,0.580981801619834,"[[187  43]
 [141  89]]",pt,LILC-fasttext-100dim,,
_grid,,2.0,brmoral,gender,"{'features_maps': [60, 60], 'kernel_size': [10, 10], 'strides': [1], 'dropout_rate': None, 'epochs': 100, 'batch_size': 32, 'embedding_dim': 100, 'max_seq_length': 302, 'max_num_words': 500, 'dense_units': [512], 'optimizer': None, 'n_classes': 2}",0.6217391304347826,0.6151923076923077,"[[173  57]
 [117 113]]",pt,LILC-fasttext-100dim,,
_grid,,0.0,brmoral,gender,"{'features_maps': [60, 60], 'kernel_size': [7, 8], 'strides': [1], 'dropout_rate': None, 'epochs': 100, 'batch_size': 12, 'embedding_dim': 100, 'max_seq_length': 302, 'max_num_words': 500, 'dense_units': [512], 'optimizer': None, 'n_classes': 2}",0.6,0.5738253005981753,"[[195  35]
 [149  81]]",pt,LILC-fasttext-100dim,,
_grid,,1.0,brmoral,gender,"{'features_maps': [80, 80], 'kernel_size': [7, 8], 'strides': [1], 'dropout_rate': None, 'epochs': 100, 'batch_size': 12, 'embedding_dim': 100, 'max_seq_length': 302, 'max_num_words': 500, 'dense_units': [512], 'optimizer': None, 'n_classes': 2}",0.6217391304347826,0.6132884972170687,"[[177  53]
 [121 109]]",pt,LILC-fasttext-100dim,,
_grid,,2.0,brmoral,gender,"{'features_maps': [60, 60], 'kernel_size': [10, 10], 'strides': [1], 'dropout_rate': None, 'epochs': 100, 'batch_size': 12, 'embedding_dim': 100, 'max_seq_length': 302, 'max_num_words': 500, 'dense_units': [512], 'optimizer': None, 'n_classes': 2}",0.6782608695652174,0.6768865685809208,"[[141  89]
 [ 59 171]]",pt,LILC-fasttext-100dim,,
_grid,,0.0,brmoral,gender,"{'features_maps': [60, 60], 'kernel_size': [10, 10], 'strides': [1], 'dropout_rate': None, 'epochs': 100, 'batch_size': 4, 'embedding_dim': 100, 'max_seq_length': 302, 'max_num_words': 500, 'dense_units': [512], 'optimizer': None, 'n_classes': 2}",0.5695652173913044,0.5322033898305085,"[[ 66 164]
 [ 34 196]]",pt,LILC-fasttext-100dim,,
_grid,,1.0,brmoral,gender,"{'features_maps': [80, 80], 'kernel_size': [10, 10], 'strides': [1], 'dropout_rate': None, 'epochs': 100, 'batch_size': 4, 'embedding_dim': 100, 'max_seq_length': 302, 'max_num_words': 500, 'dense_units': [512], 'optimizer': None, 'n_classes': 2}",0.6434782608695652,0.6425051179012814,"[[136  94]
 [ 70 160]]",pt,LILC-fasttext-100dim,,
_grid,,2.0,brmoral,gender,"{'features_maps': [60, 60], 'kernel_size': [14, 15], 'strides': [1], 'dropout_rate': None, 'epochs': 100, 'batch_size': 4, 'embedding_dim': 100, 'max_seq_length': 302, 'max_num_words': 500, 'dense_units': [512], 'optimizer': None, 'n_classes': 2}",0.6217391304347826,0.6185592557997674,"[[122 108]
 [ 66 164]]",pt,LILC-fasttext-100dim,,
_grid,,0.0,brmoral,gender,"{'features_maps': [60, 60], 'kernel_size': [14, 15], 'strides': [1], 'dropout_rate': 0.2, 'epochs': 100, 'batch_size': 2, 'embedding_dim': 100, 'max_seq_length': 302, 'max_num_words': 500, 'dense_units': [512], 'optimizer': None, 'n_classes': 2}",0.6108695652173913,0.6088565443135988,"[[124 106]
 [ 73 157]]",pt,LILC-fasttext-100dim,,
_grid,,0.0,brmoral,gender,"{'features_maps': [60, 60], 'kernel_size': [14, 15], 'strides': [1], 'dropout_rate': 0.2, 'epochs': 100, 'batch_size': 32, 'embedding_dim': 100, 'max_seq_length': 302, 'max_num_words': 500, 'dense_units': [512], 'optimizer': None, 'n_classes': 2}",0.5804347826086956,0.5534901499263194,"[[ 77 153]
 [ 40 190]]",pt,LILC-fasttext-100dim,,
_grid,,1.0,brmoral,gender,"{'features_maps': [80, 80], 'kernel_size': [14, 15], 'strides': [1], 'dropout_rate': 0.2, 'epochs': 100, 'batch_size': 32, 'embedding_dim': 100, 'max_seq_length': 302, 'max_num_words': 500, 'dense_units': [512], 'optimizer': None, 'n_classes': 2}",0.6326086956521739,0.6183209854722382,"[[190  40]
 [129 101]]",pt,LILC-fasttext-100dim,,
_grid,,2.0,brmoral,gender,"{'features_maps': [60, 60], 'kernel_size': [20, 20], 'strides': [1], 'dropout_rate': 0.2, 'epochs': 100, 'batch_size': 32, 'embedding_dim': 100, 'max_seq_length': 302, 'max_num_words': 500, 'dense_units': [512], 'optimizer': None, 'n_classes': 2}",0.6304347826086957,0.5994180804852061,"[[ 81 149]
 [ 21 209]]",pt,LILC-fasttext-100dim,,
_grid,,0.0,brmoral,gender,"{'features_maps': [60, 60], 'kernel_size': [20, 20], 'strides': [1], 'dropout_rate': 0.2, 'epochs': 100, 'batch_size': 12, 'embedding_dim': 100, 'max_seq_length': 302, 'max_num_words': 500, 'dense_units': [512], 'optimizer': None, 'n_classes': 2}",0.6108695652173913,0.5971131498470947,"[[183  47]
 [132  98]]",pt,LILC-fasttext-100dim,,
_grid,,1.0,brmoral,gender,"{'features_maps': [80, 80], 'kernel_size': [20, 20], 'strides': [1], 'dropout_rate': 0.2, 'epochs': 100, 'batch_size': 12, 'embedding_dim': 100, 'max_seq_length': 302, 'max_num_words': 500, 'dense_units': [512], 'optimizer': None, 'n_classes': 2}",0.6347826086956522,0.6304160688665711,"[[171  59]
 [109 121]]",pt,LILC-fasttext-100dim,,
_grid,,2.0,brmoral,gender,"{'features_maps': [60, 60], 'kernel_size': [7, 14], 'strides': [1], 'dropout_rate': 0.2, 'epochs': 100, 'batch_size': 12, 'embedding_dim': 100, 'max_seq_length': 302, 'max_num_words': 500, 'dense_units': [512], 'optimizer': None, 'n_classes': 2}",0.6347826086956522,0.63394531916103,"[[157  73]
 [ 95 135]]",pt,LILC-fasttext-100dim,,
_grid,,0.0,brmoral,gender,"{'features_maps': [80, 80], 'kernel_size': [7, 14], 'strides': [1], 'dropout_rate': 0.2, 'epochs': 100, 'batch_size': 4, 'embedding_dim': 100, 'max_seq_length': 302, 'max_num_words': 500, 'dense_units': [512], 'optimizer': None, 'n_classes': 2}",0.5869565217391305,0.5567951318458417,"[[ 75 155]
 [ 35 195]]",pt,LILC-fasttext-100dim,,
_grid,,0.0,brmoral,gender,"{'features_maps': [50, 50], 'kernel_size': [7, 8], 'strides': [1], 'dropout_rate': 0.2, 'epochs': 100, 'batch_size': 8, 'embedding_dim': 100, 'max_seq_length': 302, 'max_num_words': 500, 'dense_units': [512], 'optimizer': None, 'n_classes': 2}",0.6826086956521739,0.6825846944948579,"[[155  75]
 [ 71 159]]",pt,LILC-fasttext-100dim,,
_grid,,1.0,brmoral,gender,"{'features_maps': [60, 60], 'kernel_size': [7, 8], 'strides': [1], 'dropout_rate': 0.2, 'epochs': 100, 'batch_size': 8, 'embedding_dim': 100, 'max_seq_length': 302, 'max_num_words': 500, 'dense_units': [512], 'optimizer': None, 'n_classes': 2}",0.6282608695652174,0.6260962566844921,"[[127 103]
 [ 68 162]]",pt,LILC-fasttext-100dim,,
_grid,,2.0,brmoral,gender,"{'features_maps': [50, 50], 'kernel_size': [10, 10], 'strides': [1], 'dropout_rate': 0.2, 'epochs': 100, 'batch_size': 8, 'embedding_dim': 100, 'max_seq_length': 302, 'max_num_words': 500, 'dense_units': [512], 'optimizer': None, 'n_classes': 2}",0.6304347826086957,0.6273280085400026,"[[124 106]
 [ 64 166]]",pt,LILC-fasttext-100dim,,
_grid,,3.0,brmoral,gender,"{'features_maps': [60, 60], 'kernel_size': [10, 10], 'strides': [1], 'dropout_rate': 0.2, 'epochs': 100, 'batch_size': 8, 'embedding_dim': 100, 'max_seq_length': 302, 'max_num_words': 500, 'dense_units': [512], 'optimizer': None, 'n_classes': 2}",0.6152173913043478,0.6132268622542291,"[[158  72]
 [105 125]]",pt,LILC-fasttext-100dim,,
_grid,,0.0,brmoral,gender,"{'features_maps': [50, 50, 50], 'kernel_size': [7, 8, 5], 'strides': [1], 'dropout_rate': 0.2, 'epochs': 100, 'batch_size': 8, 'embedding_dim': 100, 'max_seq_length': 302, 'max_num_words': 500, 'dense_units': [512], 'optimizer': None, 'n_classes': 2}",0.6434782608695652,0.6425051179012814,"[[160  70]
 [ 94 136]]",pt,LILC-fasttext-100dim,,
_grid,,1.0,brmoral,gender,"{'features_maps': [50, 50, 50], 'kernel_size': [7, 8, 9], 'strides': [1], 'dropout_rate': 0.2, 'epochs': 100, 'batch_size': 8, 'embedding_dim': 100, 'max_seq_length': 302, 'max_num_words': 500, 'dense_units': [512], 'optimizer': None, 'n_classes': 2}",0.6217391304347826,0.6052553707758774,"[[190  40]
 [134  96]]",pt,LILC-fasttext-100dim,,
_grid,,0.0,brmoral,gender,"{'features_maps': [50, 50], 'kernel_size': [7, 8], 'strides': [1], 'dropout_rate': 0.5, 'epochs': 100, 'batch_size': 4, 'embedding_dim': 100, 'max_seq_length': 302, 'max_num_words': 500, 'dense_units': [2048, 512], 'optimizer': None, 'n_classes': 2}",0.5521739130434783,0.5449393956856643,"[[156  74]
 [132  98]]",pt,LILC-fasttext-100dim,,
_grid,,0.0,brmoral,gender,"{'features_maps': [50, 50], 'kernel_size': [7, 8], 'strides': [1], 'dropout_rate': 0.5, 'epochs': 100, 'batch_size': 8, 'embedding_dim': 100, 'max_seq_length': 302, 'max_num_words': 500, 'dense_units': [512], 'optimizer': None, 'n_classes': 2}",0.6630434782608695,0.6623397534559265,"[[142  88]
 [ 67 163]]",pt,LILC-fasttext-100dim,,
_grid,,0.0,brmoral,gender,"{'features_maps': [50, 50], 'kernel_size': [7, 8], 'strides': [1], 'dropout_rate': 0.1, 'epochs': 100, 'batch_size': 8, 'embedding_dim': 100, 'max_seq_length': 302, 'max_num_words': 500, 'dense_units': [512], 'optimizer': None, 'n_classes': 2}",0.6217391304347826,0.6201233981964879,"[[158  72]
 [102 128]]",pt,LILC-fasttext-100dim,,
_grid,,1.0,brmoral,gender,"{'features_maps': [50, 50], 'kernel_size': [7, 8], 'strides': [1], 'dropout_rate': 0.2, 'epochs': 100, 'batch_size': 8, 'embedding_dim': 100, 'max_seq_length': 302, 'max_num_words': 500, 'dense_units': [512], 'optimizer': None, 'n_classes': 2}",0.6043478260869565,0.5960317307135551,"[[172  58]
 [124 106]]",pt,LILC-fasttext-100dim,,
_grid,,2.0,brmoral,gender,"{'features_maps': [50, 50], 'kernel_size': [7, 8], 'strides': [1], 'dropout_rate': 0.3, 'epochs': 100, 'batch_size': 8, 'embedding_dim': 100, 'max_seq_length': 302, 'max_num_words': 500, 'dense_units': [512], 'optimizer': None, 'n_classes': 2}",0.6043478260869565,0.6043403466984253,"[[140  90]
 [ 92 138]]",pt,LILC-fasttext-100dim,,
_grid,,3.0,brmoral,gender,"{'features_maps': [50, 50], 'kernel_size': [7, 8], 'strides': [1], 'dropout_rate': 0.5, 'epochs': 100, 'batch_size': 8, 'embedding_dim': 100, 'max_seq_length': 302, 'max_num_words': 500, 'dense_units': [512], 'optimizer': None, 'n_classes': 2}",0.6673913043478261,0.6614376632560287,"[[123 107]
 [ 46 184]]",pt,LILC-fasttext-100dim,,
_grid,,0.0,brmoral,gender,"{'features_maps': [50, 50], 'kernel_size': [7, 8], 'strides': 1, 'dropout_rate': 0.2, 'epochs': 100, 'batch_size': 8, 'embedding_dim': 100, 'max_seq_length': 302, 'max_num_words': 500, 'dense_units': [512], 'optimizer': None, 'n_classes': 2}",0.5934782608695652,0.5728876508820798,"[[187  43]
 [144  86]]",pt,LILC-fasttext-100dim,,
_grid,,1.0,brmoral,gender,"{'features_maps': [50, 50], 'kernel_size': [7, 8], 'strides': 2, 'dropout_rate': 0.2, 'epochs': 100, 'batch_size': 8, 'embedding_dim': 100, 'max_seq_length': 302, 'max_num_words': 500, 'dense_units': [512], 'optimizer': None, 'n_classes': 2}",0.6326086956521739,0.6283921051247855,"[[121 109]
 [ 60 170]]",pt,LILC-fasttext-100dim,,
_grid,,2.0,brmoral,gender,"{'features_maps': [50, 50], 'kernel_size': [7, 8], 'strides': 3, 'dropout_rate': 0.2, 'epochs': 100, 'batch_size': 8, 'embedding_dim': 100, 'max_seq_length': 302, 'max_num_words': 500, 'dense_units': [512], 'optimizer': None, 'n_classes': 2}",0.6391304347826087,0.6390690287572556,"[[150  80]
 [ 86 144]]",pt,LILC-fasttext-100dim,,
_grid,channels,0.0,brmoral,gender,"{'features_maps': [50, 50], 'kernel_size': [7, 8], 'strides': 1, 'dropout_rate': 0.2, 'epochs': 100, 'batch_size': 8, 'embedding_dim': 100, 'max_seq_length': 302, 'max_num_words': 500, 'dense_units': [512], 'optimizer': None, 'n_classes': 2}",0.6478260869565218,0.6477994555353902,"[[151  79]
 [ 83 147]]",pt,LILC-fasttext-100dim,,
_grid,channels,1.0,brmoral,gender,"{'features_maps': [50, 50], 'kernel_size': [7, 8], 'strides': 2, 'dropout_rate': 0.2, 'epochs': 100, 'batch_size': 8, 'embedding_dim': 100, 'max_seq_length': 302, 'max_num_words': 500, 'dense_units': [512], 'optimizer': None, 'n_classes': 2}",0.5978260869565217,0.597672076740151,"[[142  88]
 [ 97 133]]",pt,LILC-fasttext-100dim,,
_grid,channels,2.0,brmoral,gender,"{'features_maps': [50, 50], 'kernel_size': [7, 8], 'strides': 3, 'dropout_rate': 0.2, 'epochs': 100, 'batch_size': 8, 'embedding_dim': 100, 'max_seq_length': 302, 'max_num_words': 500, 'dense_units': [512], 'optimizer': None, 'n_classes': 2}",0.6239130434782608,0.6239112661212954,"[[143  87]
 [ 86 144]]",pt,LILC-fasttext-100dim,,
_grid,two conv/max-polling each channel,0.0,brmoral,gender,"{'features_maps': [50, 50], 'kernel_size': [7, 8], 'strides': 1, 'dropout_rate': 0.2, 'epochs': 100, 'batch_size': 8, 'embedding_dim': 100, 'max_seq_length': 302, 'max_num_words': 500, 'dense_units': [512], 'optimizer': None, 'n_classes': 2}",0.5826086956521739,0.5329455314648335,"[[209  21]
 [171  59]]",pt,LILC-fasttext-100dim,,
_grid,two conv/max-polling each channel,1.0,brmoral,gender,"{'features_maps': [50, 50], 'kernel_size': [7, 8], 'strides': 2, 'dropout_rate': 0.2, 'epochs': 100, 'batch_size': 8, 'embedding_dim': 100, 'max_seq_length': 302, 'max_num_words': 500, 'dense_units': [512], 'optimizer': None, 'n_classes': 2}",0.6304347826086957,0.621673923560716,"[[180  50]
 [120 110]]",pt,LILC-fasttext-100dim,,
_grid,two conv/max-polling each channel,2.0,brmoral,gender,"{'features_maps': [50, 50], 'kernel_size': [7, 8], 'strides': 3, 'dropout_rate': 0.2, 'epochs': 100, 'batch_size': 8, 'embedding_dim': 100, 'max_seq_length': 302, 'max_num_words': 500, 'dense_units': [512], 'optimizer': None, 'n_classes': 2}",0.6195652173913043,0.6151989254250737,"[[167  63]
 [112 118]]",pt,LILC-fasttext-100dim,,
_grid,two conv/max-polling each channel,0.0,brmoral,gender,"{'features_maps': [50, 50], 'kernel_size': [7, 8], 'strides': 1, 'dropout_rate': 0.2, 'epochs': 100, 'batch_size': 8, 'embedding_dim': 100, 'max_seq_length': 302, 'max_num_words': 500, 'dense_units': [512], 'optimizer': None, 'pool_size': [2, 2], 'n_classes': 2}",0.6282608695652174,0.6175445249938007,"[[106 124]
 [ 47 183]]",pt,LILC-fasttext-100dim,,
_grid,embedding_dim,0.0,brmoral,gender,"{'features_maps': [50, 50], 'kernel_size': [7, 8], 'strides': [1], 'dropout_rate': 0.2, 'epochs': 100, 'batch_size': 8, 'embedding_dim': 10, 'max_seq_length': 302, 'max_num_words': 500, 'dense_units': [512], 'optimizer': None, 'pool_size': [2, 2], 'n_classes': 2}",0.6521739130434783,0.6473136416783271,"[[123 107]
 [ 53 177]]",pt,LILC-fasttext-100dim,,
_grid,embedding_dim,1.0,brmoral,gender,"{'features_maps': [50, 50], 'kernel_size': [7, 8], 'strides': [1], 'dropout_rate': 0.2, 'epochs': 100, 'batch_size': 8, 'embedding_dim': 100, 'max_seq_length': 302, 'max_num_words': 500, 'dense_units': [512], 'optimizer': None, 'pool_size': [2, 2], 'n_classes': 2}",0.6239130434782608,0.6167238996103663,"[[175  55]
 [118 112]]",pt,LILC-fasttext-100dim,,
_grid,embedding_dim,2.0,brmoral,gender,"{'features_maps': [50, 50], 'kernel_size': [7, 8], 'strides': [1], 'dropout_rate': 0.2, 'epochs': 100, 'batch_size': 8, 'embedding_dim': 300, 'max_seq_length': 302, 'max_num_words': 500, 'dense_units': [512], 'optimizer': None, 'pool_size': [2, 2], 'n_classes': 2}",0.7021739130434783,0.6900437243936868,"[[116 114]
 [ 23 207]]",pt,LILC-fasttext-100dim,,
_grid,embedding_dim,0.0,brmoral,gender,"{'features_maps': [50, 50], 'kernel_size': [7, 8], 'strides': [1], 'dropout_rate': 0.2, 'epochs': 100, 'batch_size': 8, 'embedding_dim': 10, 'max_seq_length': 302, 'max_num_words': 500, 'dense_units': [512], 'optimizer': None, 'pool_size': [2, 2], 'n_classes': 2}",0.6021739130434782,0.6001159084323385,"[[122 108]
 [ 75 155]]",pt,LILC-fasttext-100dim,,
_grid,embedding_dim,1.0,brmoral,gender,"{'features_maps': [50, 50], 'kernel_size': [7, 8], 'strides': [1], 'dropout_rate': 0.2, 'epochs': 100, 'batch_size': 8, 'embedding_dim': 100, 'max_seq_length': 302, 'max_num_words': 500, 'dense_units': [512], 'optimizer': None, 'pool_size': [2, 2], 'n_classes': 2}",0.7217391304347827,0.7191697191697193,"[[144  86]
 [ 42 188]]",pt,LILC-fasttext-100dim,,
_grid,embedding_dim,2.0,brmoral,gender,"{'features_maps': [50, 50], 'kernel_size': [7, 8], 'strides': [1], 'dropout_rate': 0.2, 'epochs': 100, 'batch_size': 8, 'embedding_dim': 300, 'max_seq_length': 302, 'max_num_words': 500, 'dense_units': [512], 'optimizer': None, 'pool_size': [2, 2], 'n_classes': 2}",0.6869565217391305,0.6818993833919207,"[[129 101]
 [ 43 187]]",pt,LILC-fasttext-100dim,,
_grid,embedding_dim,0.0,brmoral,age,"{'features_maps': [50, 50], 'kernel_size': [7, 8], 'strides': [1], 'dropout_rate': 0.2, 'epochs': 100, 'batch_size': 8, 'embedding_dim': 10, 'max_seq_length': 302, 'max_num_words': 500, 'dense_units': [512], 'optimizer': None, 'pool_size': [2, 2], 'n_classes': 3}",0.3963254593175853,0.3877010101692059,"[[33 46 48]
 [36 46 45]
 [33 22 72]]",pt,LILC-fasttext-100dim,,
_grid,embedding_dim,1.0,brmoral,age,"{'features_maps': [50, 50], 'kernel_size': [7, 8], 'strides': [1], 'dropout_rate': 0.2, 'epochs': 100, 'batch_size': 8, 'embedding_dim': 100, 'max_seq_length': 302, 'max_num_words': 500, 'dense_units': [512], 'optimizer': None, 'pool_size': [2, 2], 'n_classes': 3}",0.4041994750656168,0.4058221255754881,"[[56 46 25]
 [55 48 24]
 [39 38 50]]",pt,LILC-fasttext-100dim,,
_grid,embedding_dim,2.0,brmoral,age,"{'features_maps': [50, 50], 'kernel_size': [7, 8], 'strides': [1], 'dropout_rate': 0.2, 'epochs': 100, 'batch_size': 8, 'embedding_dim': 300, 'max_seq_length': 302, 'max_num_words': 500, 'dense_units': [512], 'optimizer': None, 'pool_size': [2, 2], 'n_classes': 3}",0.4068241469816273,0.40793379083455417,"[[57 46 24]
 [49 51 27]
 [29 51 47]]",pt,LILC-fasttext-100dim,,
_grid,embedding_dim,3.0,brmoral,age,"{'features_maps': [50, 50], 'kernel_size': [7, 8], 'strides': [1], 'dropout_rate': 0.2, 'epochs': 100, 'batch_size': 8, 'embedding_dim': 600, 'max_seq_length': 302, 'max_num_words': 500, 'dense_units': [512], 'optimizer': None, 'pool_size': [2, 2], 'n_classes': 3}",0.4199475065616798,0.4126159991590455,"[[66 30 31]
 [65 32 30]
 [44 21 62]]",pt,LILC-fasttext-100dim,,
_grid,embedding_dim,0.0,brmoral,age,"{'features_maps': [50, 50], 'kernel_size': [7, 8], 'strides': [1], 'dropout_rate': 0.2, 'epochs': 100, 'batch_size': 8, 'embedding_dim': 1000, 'max_seq_length': 302, 'max_num_words': 500, 'dense_units': [512], 'optimizer': None, 'pool_size': [2, 2], 'n_classes': 3}",0.3989501312335958,0.37885903456110537,"[[61 23 43]
 [57 21 49]
 [38 19 70]]",pt,LILC-fasttext-100dim,,
_grid,test2 embeddings,0.0,brmoral,gender,"{'features_maps': [50, 50], 'kernel_size': [7, 8], 'strides': [1], 'dropout_rate': 0.2, 'epochs': 100, 'batch_size': 8, 'embedding_dim': 100, 'max_seq_length': 302, 'max_num_words': 500, 'dense_units': [512], 'optimizer': None, 'pool_size': [2, 2], 'n_classes': 3}",0.7130434782608696,0.7130434782608696,"[[164  66]
 [ 66 164]]",pt,LILC-fasttext-100dim,,
_grid,test2 embeddings,1.0,brmoral,gender,"{'features_maps': [50, 50], 'kernel_size': [7, 8], 'strides': [1], 'dropout_rate': 0.2, 'epochs': 100, 'batch_size': 8, 'embedding_dim': 300, 'max_seq_length': 302, 'max_num_words': 500, 'dense_units': [512], 'optimizer': None, 'pool_size': [2, 2], 'n_classes': 2}",0.6978260869565217,0.6960665478312538,"[[178  52]
 [ 87 143]]",pt,LILC-fasttext-100dim,,
_grid,test2 embeddings,2.0,brmoral,gender,"{'features_maps': [50, 50], 'kernel_size': [7, 8], 'strides': [1], 'dropout_rate': 0.2, 'epochs': 100, 'batch_size': 8, 'embedding_dim': 600, 'max_seq_length': 302, 'max_num_words': 500, 'dense_units': [512], 'optimizer': None, 'pool_size': [2, 2], 'n_classes': 2}",0.6891304347826087,0.6752807602122671,"[[111 119]
 [ 24 206]]",pt,LILC-fasttext-100dim,,
_grid,test2 embeddings,3.0,brmoral,gender,"{'features_maps': [50, 50], 'kernel_size': [7, 8], 'strides': [1], 'dropout_rate': 0.2, 'epochs': 100, 'batch_size': 8, 'embedding_dim': 1000, 'max_seq_length': 302, 'max_num_words': 500, 'dense_units': [512], 'optimizer': None, 'pool_size': [2, 2], 'n_classes': 2}",0.6739130434782609,0.6736909806295399,"[[149  81]
 [ 69 161]]",pt,LILC-fasttext-100dim,,
_grid,test2 embeddings,0.0,brmoral,age,"{'features_maps': [50, 50], 'kernel_size': [7, 8], 'strides': [1], 'dropout_rate': 0.2, 'epochs': 100, 'batch_size': 8, 'embedding_dim': 100, 'max_seq_length': 302, 'max_num_words': 500, 'dense_units': [512], 'optimizer': None, 'pool_size': [2, 2], 'n_classes': 3}",0.3832020997375328,0.3703099386320863,"[[24 66 37]
 [30 54 43]
 [ 8 51 68]]",pt,LILC-fasttext-100dim,,
_grid,test2 embeddings,0.0,brmoral,religion,"{'features_maps': [50, 50], 'kernel_size': [7, 8], 'strides': [1], 'dropout_rate': 0.2, 'epochs': 100, 'batch_size': 8, 'embedding_dim': 100, 'max_seq_length': 302, 'max_num_words': 500, 'dense_units': [512], 'optimizer': None, 'pool_size': [2, 2], 'n_classes': 3}",0.3587962962962963,0.3403532947141969,"[[44 25 75]
 [30 26 88]
 [29 30 85]]",pt,LILC-fasttext-100dim,,
_grid,test2 embeddings,1.0,brmoral,religion,"{'features_maps': [50, 50], 'kernel_size': [7, 8], 'strides': [1], 'dropout_rate': 0.2, 'epochs': 100, 'batch_size': 8, 'embedding_dim': 300, 'max_seq_length': 302, 'max_num_words': 500, 'dense_units': [512], 'optimizer': None, 'pool_size': [2, 2], 'n_classes': 3}",0.3587962962962963,0.34593780624805803,"[[66 21 57]
 [60 26 58]
 [51 30 63]]",pt,LILC-fasttext-100dim,,
_grid,test2 embeddings,2.0,brmoral,religion,"{'features_maps': [50, 50], 'kernel_size': [7, 8], 'strides': [1], 'dropout_rate': 0.2, 'epochs': 100, 'batch_size': 8, 'embedding_dim': 600, 'max_seq_length': 302, 'max_num_words': 500, 'dense_units': [512], 'optimizer': None, 'pool_size': [2, 2], 'n_classes': 3}",0.34953703703703703,0.3425760554957032,"[[40 68 36]
 [30 73 41]
 [23 83 38]]",pt,LILC-fasttext-100dim,,
_grid,test2 embeddings,3.0,brmoral,religion,"{'features_maps': [50, 50], 'kernel_size': [7, 8], 'strides': [1], 'dropout_rate': 0.2, 'epochs': 100, 'batch_size': 8, 'embedding_dim': 1000, 'max_seq_length': 302, 'max_num_words': 500, 'dense_units': [512], 'optimizer': None, 'pool_size': [2, 2], 'n_classes': 3}",0.3819444444444444,0.37549028845706295,"[[50 68 26]
 [30 76 38]
 [35 70 39]]",pt,LILC-fasttext-100dim,,
_grid,create_cnn,0.0,brmoral,religion,"{'features_maps': [50, 50], 'kernel_size': [7, 8], 'strides': [1], 'dropout_rate': 0.2, 'epochs': 100, 'batch_size': 8, 'embedding_dim': 100, 'max_seq_length': 302, 'max_num_words': 500, 'dense_units': [512], 'optimizer': None, 'pool_size': [1, 1], 'n_classes': 3}",0.3611111111111111,0.34816580361249605,"[[27 62 55]
 [14 71 59]
 [20 66 58]]",pt,LILC-fasttext-100dim,,
_grid,create_cnn,1.0,brmoral,religion,"{'features_maps': [50, 50], 'kernel_size': [7, 8], 'strides': [1], 'dropout_rate': 0.2, 'epochs': 100, 'batch_size': 8, 'embedding_dim': 300, 'max_seq_length': 302, 'max_num_words': 500, 'dense_units': [512], 'optimizer': None, 'pool_size': [1, 1], 'n_classes': 3}",0.3402777777777778,0.28457106180987096,"[[ 4 73 67]
 [ 0 72 72]
 [ 1 72 71]]",pt,LILC-fasttext-100dim,,
_grid,create_cnn,2.0,brmoral,religion,"{'features_maps': [50, 50], 'kernel_size': [7, 8], 'strides': [1], 'dropout_rate': 0.2, 'epochs': 100, 'batch_size': 8, 'embedding_dim': 600, 'max_seq_length': 302, 'max_num_words': 500, 'dense_units': [512], 'optimizer': None, 'pool_size': [1, 1], 'n_classes': 3}",0.33796296296296297,0.3088321736091253,"[[85 20 39]
 [85 17 42]
 [86 14 44]]",pt,LILC-fasttext-100dim,,
_grid,create_cnn,3.0,brmoral,religion,"{'features_maps': [50, 50], 'kernel_size': [7, 8], 'strides': [1], 'dropout_rate': 0.2, 'epochs': 100, 'batch_size': 8, 'embedding_dim': 1000, 'max_seq_length': 302, 'max_num_words': 500, 'dense_units': [512], 'optimizer': None, 'pool_size': [1, 1], 'n_classes': 3}",0.3449074074074074,0.22340263149861087,"[[ 16   0 128]
 [ 12   0 132]
 [ 11   0 133]]",pt,LILC-fasttext-100dim,,
_grid,create_cnn,0.0,brmoral,it,"{'features_maps': [50, 50], 'kernel_size': [7, 8], 'strides': [1], 'dropout_rate': 0.2, 'epochs': 100, 'batch_size': 8, 'embedding_dim': 100, 'max_seq_length': 302, 'max_num_words': 500, 'dense_units': [512], 'optimizer': None, 'pool_size': [1, 1], 'n_classes': 2}",0.6217948717948718,0.6182655219609308,"[[123 111]
 [ 66 168]]",pt,LILC-fasttext-100dim,,
_grid,create_cnn,1.0,brmoral,it,"{'features_maps': [50, 50], 'kernel_size': [7, 8], 'strides': [1], 'dropout_rate': 0.2, 'epochs': 100, 'batch_size': 8, 'embedding_dim': 300, 'max_seq_length': 302, 'max_num_words': 500, 'dense_units': [512], 'optimizer': None, 'pool_size': [1, 1], 'n_classes': 2}",0.6773504273504274,0.6737742529648283,"[[134 100]
 [ 51 183]]",pt,LILC-fasttext-100dim,,
_grid,create_cnn,2.0,brmoral,it,"{'features_maps': [50, 50], 'kernel_size': [7, 8], 'strides': [1], 'dropout_rate': 0.2, 'epochs': 100, 'batch_size': 8, 'embedding_dim': 600, 'max_seq_length': 302, 'max_num_words': 500, 'dense_units': [512], 'optimizer': None, 'pool_size': [1, 1], 'n_classes': 2}",0.6474358974358975,0.6428554910621371,"[[125 109]
 [ 56 178]]",pt,LILC-fasttext-100dim,,
_grid,create_cnn,3.0,brmoral,it,"{'features_maps': [50, 50], 'kernel_size': [7, 8], 'strides': [1], 'dropout_rate': 0.2, 'epochs': 100, 'batch_size': 8, 'embedding_dim': 1000, 'max_seq_length': 302, 'max_num_words': 500, 'dense_units': [512], 'optimizer': None, 'pool_size': [1, 1], 'n_classes': 2}",0.6346153846153846,0.6327895932273384,"[[132 102]
 [ 69 165]]",pt,LILC-fasttext-100dim,,
_grid,nilc,0.0,brmoral,it,"{'features_maps': [50, 50], 'kernel_size': [7, 8], 'strides': [1], 'dropout_rate': 0.2, 'epochs': 100, 'batch_size': 8, 'embedding_dim': 50, 'max_seq_length': 302, 'max_num_words': 500, 'dense_units': [512], 'optimizer': None, 'pool_size': [1, 1], 'n_classes': 2}",0.5897435897435898,0.5773948378358039,"[[ 98 136]
 [ 56 178]]",pt,trained-fasttext-100dim,,
_grid,nilc,0.0,brmoral,it,"{'features_maps': [50, 50], 'kernel_size': [7, 8], 'strides': [1], 'dropout_rate': 0.2, 'epochs': 100, 'batch_size': 8, 'embedding_dim': 50, 'max_seq_length': 302, 'max_num_words': 500, 'dense_units': [512], 'optimizer': None, 'pool_size': [1, 1], 'n_classes': 2}",0.6153846153846154,0.6125542718375157,"[[124 110]
 [ 70 164]]",pt,trained-fasttext-100dim,,
_grid,nilc,1.0,brmoral,it,"{'features_maps': [50, 50], 'kernel_size': [7, 8], 'strides': [1], 'dropout_rate': 0.2, 'epochs': 100, 'batch_size': 8, 'embedding_dim': 300, 'max_seq_length': 302, 'max_num_words': 500, 'dense_units': [512], 'optimizer': None, 'pool_size': [1, 1], 'n_classes': 2}",0.6388888888888888,0.6388476659710776,"[[152  82]
 [ 87 147]]",pt,trained-fasttext-100dim,,
_grid,nilc,2.0,brmoral,it,"{'features_maps': [50, 50], 'kernel_size': [7, 8], 'strides': [1], 'dropout_rate': 0.2, 'epochs': 100, 'batch_size': 8, 'embedding_dim': 600, 'max_seq_length': 302, 'max_num_words': 500, 'dense_units': [512], 'optimizer': None, 'pool_size': [1, 1], 'n_classes': 2}",0.6047008547008547,0.5891678489914256,"[[ 96 138]
 [ 47 187]]",pt,trained-fasttext-100dim,,
_grid,lstm alstm attention,0.0,brmoral,age,,0.35958005249343833,0.2940797557788787,"[[80  4 43]
 [76  2 49]
 [72  0 55]]",pt,nilc-fasttext-100dim,1.106078734160383,1.0868201851844788
_grid,lstm alstm attention,1.0,brmoral,age,,0.3464566929133858,0.33963320907829314,"[[57 46 24]
 [57 47 23]
 [60 39 28]]",pt,nilc-fasttext-100dim,1.1100380260173126,1.079690158367157
_grid,lstm alstm attention,2.0,brmoral,age,,0.3937007874015748,0.3613987642041703,"[[16 50 61]
 [13 55 59]
 [ 8 40 79]]",pt,nilc-fasttext-100dim,1.1152213987152877,1.103326380252838
_grid,lstm alstm attention,3.0,brmoral,age,,0.3884514435695538,0.369073121428736,"[[29 26 72]
 [20 37 70]
 [18 27 82]]",pt,nilc-fasttext-100dim,1.1121658069348477,1.0671011209487915
_grid,lstm alstm attention,4.0,brmoral,age,,0.3700787401574803,0.3017241379310345,"[[ 27  99   1]
 [ 21 104   2]
 [ 41  76  10]]",pt,nilc-fasttext-100dim,1.11133633174724,1.0919925570487976
_grid,lstm alstm attention,5.0,brmoral,age,,0.3727034120734909,0.3612067583597833,"[[64 48 15]
 [58 52 17]
 [47 54 26]]",pt,nilc-fasttext-100dim,1.1115073900497785,1.067000150680542
_grid,lstm alstm attention,6.0,brmoral,age,,0.31758530183727035,0.29175128631320674,"[[25 84 18]
 [37 75 15]
 [34 72 21]]",pt,nilc-fasttext-100dim,1.1107773758912942,1.0997682213783264
_grid,lstm alstm attention,7.0,brmoral,age,,0.35958005249343833,0.3314079737983167,"[[32 25 70]
 [31 22 74]
 [27 17 83]]",pt,nilc-fasttext-100dim,1.1155220312980585,1.0931072235107422
_grid,lstm alstm attention,8.0,brmoral,age,,0.3464566929133858,0.2704439415528176,"[[ 0 91 36]
 [ 0 88 39]
 [ 1 82 44]]",pt,nilc-fasttext-100dim,1.109192864158862,1.0829355120658877
_grid,lstm alstm attention,9.0,brmoral,age,,0.3307086614173229,0.261166259236326,"[[41 84  2]
 [42 84  1]
 [48 78  1]]",pt,nilc-fasttext-100dim,1.109127626943754,1.0648460388183594
_grid,lstm alstm attention,10.0,brmoral,age,,0.3937007874015748,0.3854625595298409,"[[55 24 48]
 [51 31 45]
 [45 18 64]]",pt,nilc-fasttext-100dim,1.1147486207175388,1.103660225868225
_grid,lstm alstm attention,0.0,brmoral,age,"{'features_maps': [10, 10], 'kernel_size': [3, 4], 'strides': [1], 'dropout_rate': 0.2, 'epochs': 100, 'batch_size': 2, 'embedding_dim': 100, 'max_seq_length': None, 'max_num_words': 10000, 'dense_units': [128], 'optimizer': None, 'pool_size': [3, 3, 3]}",0.34120734908136485,0.2767430079973122,"[[ 2 49 76]
 [ 3 48 76]
 [ 0 47 80]]",pt,nilc-fasttext-100dim,1.136404639702,1.1056048075358074
_grid,lstm alstm attention,0.0,brmoral,age,"{'features_maps': [10, 10], 'kernel_size': [3, 4], 'strides': [1], 'dropout_rate': 0.2, 'epochs': 100, 'batch_size': 2, 'embedding_dim': 100, 'max_seq_length': None, 'max_num_words': 10000, 'dense_units': [128], 'optimizer': None, 'pool_size': [3, 3, 3]}",0.3989501312335958,0.377376471236636,"[[27 77 23]
 [24 86 17]
 [16 72 39]]",pt,nilc-fasttext-100dim,0.8331483898893622,1.012739360332489
_grid,lstm alstm attention,0.0,brmoral,age,"{'features_maps': [10, 10], 'kernel_size': [3, 4], 'strides': [1], 'dropout_rate': 0.2, 'epochs': 100, 'batch_size': 2, 'embedding_dim': 100, 'max_seq_length': None, 'max_num_words': 10000, 'dense_units': [128], 'optimizer': None, 'pool_size': [3, 3, 3]}",0.4146981627296588,0.4117581106576207,"[[71 40 16]
 [66 40 21]
 [51 29 47]]",pt,nilc-fasttext-100dim,1.0550464736967842,1.0851490894953408
_grid,lstm alstm attention,0.0,brmoral,age,"{'features_maps': [10, 10], 'kernel_size': [3, 4], 'strides': [1], 'dropout_rate': 0.2, 'epochs': 100, 'batch_size': 2, 'embedding_dim': 100, 'max_seq_length': None, 'max_num_words': 10000, 'dense_units': [128], 'optimizer': None, 'pool_size': [3, 3, 3]}",0.3963254593175853,0.3704385435786448,"[[19 71 37]
 [12 77 38]
 [13 59 55]]",pt,nilc-fasttext-100dim,1.0941474602370378,1.0889825026194255
_grid,lstm alstm attention,0.0,brmoral,age,"{'features_maps': [10, 10], 'kernel_size': [3, 4], 'strides': [1], 'dropout_rate': 0.2, 'epochs': 100, 'batch_size': 2, 'embedding_dim': 100, 'max_seq_length': None, 'max_num_words': 10000, 'dense_units': [128], 'optimizer': None, 'pool_size': [3, 3, 3]}",0.4120734908136483,0.4128943333605844,"[[49 46 32]
 [39 55 33]
 [23 51 53]]",pt,nilc-fasttext-100dim,0.8918765470722537,1.0651561816533406
_grid,lstm alstm attention,0.0,brmoral,age,"{'features_maps': [10, 10], 'kernel_size': [3, 4], 'strides': [1], 'dropout_rate': 0.2, 'epochs': 100, 'batch_size': 2, 'embedding_dim': 100, 'max_seq_length': None, 'max_num_words': 10000, 'dense_units': [128], 'optimizer': None, 'pool_size': [3, 3, 3]}",0.3674540682414698,0.32434476714662475,"[[45 80  2]
 [39 84  4]
 [27 89 11]]",pt,nilc-fasttext-100dim,0.7288288010781883,1.0270203544635963
_grid,lstm alstm attention,0.0,brmoral,age,"{'features_maps': [10, 10], 'kernel_size': [3, 4], 'strides': [1], 'dropout_rate': 0.2, 'epochs': 100, 'batch_size': 2, 'embedding_dim': 100, 'max_seq_length': None, 'max_num_words': 10000, 'dense_units': [128], 'optimizer': None, 'pool_size': [3, 3, 3]}",0.4146981627296588,0.3830093976438583,"[[91 13 23]
 [78 20 29]
 [62 18 47]]",pt,nilc-fasttext-100dim,0.9252563711516364,1.0495899120966594
_grid,lstm alstm attention,0.0,brmoral,age,"{'features_maps': [10, 10], 'kernel_size': [3, 4], 'strides': [1], 'dropout_rate': 0.2, 'epochs': 100, 'batch_size': 2, 'embedding_dim': 100, 'max_seq_length': None, 'max_num_words': 10000, 'dense_units': [128], 'optimizer': None, 'pool_size': [3, 3, 3]}",0.35170603674540685,0.3263182888399163,"[[32 77 18]
 [30 80 17]
 [20 85 22]]",pt,nilc-fasttext-100dim,1.2597887207756422,1.152889092763265
_grid,lstm alstm attention,0.0,brmoral,age,"{'features_maps': [10, 10], 'kernel_size': [3, 4], 'strides': [1], 'dropout_rate': 0.2, 'epochs': 100, 'batch_size': 2, 'embedding_dim': 100, 'max_seq_length': None, 'max_num_words': 10000, 'dense_units': [128], 'optimizer': None, 'pool_size': [3, 3, 3]}",0.3805774278215223,0.3634002218634332,"[[80 32 15]
 [78 35 14]
 [71 26 30]]",pt,nilc-fasttext-100dim,0.9077787383681998,1.0650639533996582
_grid,lstm alstm attention,0.0,brmoral,age,"{'features_maps': [10, 10], 'kernel_size': [3, 4], 'strides': [1], 'dropout_rate': 0.2, 'epochs': 100, 'batch_size': 2, 'embedding_dim': 100, 'max_seq_length': None, 'max_num_words': 10000, 'dense_units': [128], 'optimizer': None, 'pool_size': [3, 3, 3]}",0.3884514435695538,0.31913624521223377,"[[95  3 29]
 [86  3 38]
 [68  9 50]]",pt,nilc-fasttext-100dim,0.9453780596616259,1.07295823097229
_grid,lstm lstm attention,0.0,brmoral,gender,"{'features_maps': [10, 10], 'kernel_size': [3, 4], 'strides': [1], 'dropout_rate': 0.2, 'epochs': 100, 'batch_size': 2, 'embedding_dim': 100, 'max_seq_length': None, 'max_num_words': None, 'dense_units': [128], 'optimizer': None, 'pool_size': [3, 3, 3]}",0.4891304347826087,0.3284671532846716,"[[  0 230]
 [  5 225]]",pt,nilc-fasttext-100dim,0.6934723767817366,0.6713918745517731
_grid,lstm lstm attention,0.0,brmoral,age,"{'features_maps': [10, 10], 'kernel_size': [3, 4], 'strides': [1], 'dropout_rate': 0.2, 'epochs': 100, 'batch_size': 2, 'embedding_dim': 100, 'max_seq_length': None, 'max_num_words': None, 'dense_units': [128], 'optimizer': None, 'pool_size': [3, 3, 3]}",0.3333333333333333,0.27093488935507226,"[[64 62  1]
 [64 62  1]
 [64 62  1]]",pt,nilc-fasttext-100dim,1.0985852288103652,1.093250393867493
_grid,lstm lstm attention,0.0,brmoral,religion,"{'features_maps': [10, 10], 'kernel_size': [3, 4], 'strides': [1], 'dropout_rate': 0.2, 'epochs': 100, 'batch_size': 2, 'embedding_dim': 100, 'max_seq_length': None, 'max_num_words': None, 'dense_units': [128], 'optimizer': None, 'pool_size': [3, 3, 3]}",0.3333333333333333,0.26666666666666666,"[[72  0 72]
 [72  0 72]
 [72  0 72]]",pt,nilc-fasttext-100dim,1.100672841368623,1.0941455960273745
_grid,lstm lstm attention,0.0,brmoral,education,"{'features_maps': [10, 10], 'kernel_size': [3, 4], 'strides': [1], 'dropout_rate': 0.2, 'epochs': 100, 'batch_size': 2, 'embedding_dim': 100, 'max_seq_length': None, 'max_num_words': None, 'dense_units': [128], 'optimizer': None, 'pool_size': [3, 3, 3]}",0.34366925064599485,0.2789701981318748,"[[62  2 65]
 [58  1 70]
 [59  0 70]]",pt,nilc-fasttext-100dim,1.0994611783974375,1.0992252826690674
_grid,lstm lstm attention,0.0,brmoral,it,"{'features_maps': [10, 10], 'kernel_size': [3, 4], 'strides': [1], 'dropout_rate': 0.2, 'epochs': 100, 'batch_size': 2, 'embedding_dim': 100, 'max_seq_length': None, 'max_num_words': None, 'dense_units': [128], 'optimizer': None, 'pool_size': [3, 3, 3]}",0.5064102564102564,0.3510262151600103,"[[  4 230]
 [  1 233]]",pt,nilc-fasttext-100dim,0.6876044978447655,0.655993640422821
_grid,lstm lstm attention,0.0,brmoral,politics,"{'features_maps': [10, 10], 'kernel_size': [3, 4], 'strides': [1], 'dropout_rate': 0.2, 'epochs': 100, 'batch_size': 2, 'embedding_dim': 100, 'max_seq_length': None, 'max_num_words': None, 'dense_units': [128], 'optimizer': None, 'pool_size': [3, 3, 3]}",0.33585858585858586,0.17255731922398587,"[[132   0   0]
 [130   0   2]
 [131   0   1]]",pt,nilc-fasttext-100dim,1.096063289323235,1.0966009497642517
_grid,lstm lstm attention,0.0,brmoral,gender,"{'features_maps': [10, 10], 'kernel_size': [3, 4], 'strides': [1], 'dropout_rate': 0.2, 'epochs': 100, 'batch_size': 2, 'embedding_dim': 100, 'max_seq_length': None, 'max_num_words': None, 'dense_units': [128], 'optimizer': None, 'pool_size': [3, 3, 3]}",0.5043478260869565,0.3888111888111888,"[[ 16 214]
 [ 14 216]]",pt,nilc-fasttext-100dim,0.6920205897505965,0.6932559013366699
_grid,lstm lstm attention,0.0,brmoral,age,"{'features_maps': [10, 10], 'kernel_size': [3, 4], 'strides': [1], 'dropout_rate': 0.2, 'epochs': 100, 'batch_size': 2, 'embedding_dim': 100, 'max_seq_length': None, 'max_num_words': None, 'dense_units': [128], 'optimizer': None, 'pool_size': [3, 3, 3]}",0.3333333333333333,0.3332613833483398,"[[42 41 44]
 [42 41 44]
 [42 41 44]]",pt,nilc-fasttext-100dim,1.0970641000035524,1.0896865129470823
_grid,lstm lstm attention,0.0,brmoral,religion,"{'features_maps': [10, 10], 'kernel_size': [3, 4], 'strides': [1], 'dropout_rate': 0.2, 'epochs': 100, 'batch_size': 2, 'embedding_dim': 100, 'max_seq_length': None, 'max_num_words': None, 'dense_units': [128], 'optimizer': None, 'pool_size': [3, 3, 3]}",0.3333333333333333,0.26029526029526023,"[[96 48  0]
 [93 48  3]
 [96 48  0]]",pt,nilc-fasttext-100dim,1.1017533215352424,1.1022379000981648
_grid,lstm lstm attention,0.0,brmoral,education,"{'features_maps': [10, 10], 'kernel_size': [3, 4], 'strides': [1], 'dropout_rate': 0.2, 'epochs': 100, 'batch_size': 2, 'embedding_dim': 100, 'max_seq_length': None, 'max_num_words': None, 'dense_units': [128], 'optimizer': None, 'pool_size': [3, 3, 3]}",0.3385012919896641,0.2687582215206525,"[[80 47  2]
 [77 51  1]
 [76 53  0]]",pt,nilc-fasttext-100dim,1.1007990775950085,1.100378394126892
_grid,lstm lstm attention,0.0,brmoral,it,"{'features_maps': [10, 10], 'kernel_size': [3, 4], 'strides': [1], 'dropout_rate': 0.2, 'epochs': 100, 'batch_size': 2, 'embedding_dim': 100, 'max_seq_length': None, 'max_num_words': None, 'dense_units': [128], 'optimizer': None, 'pool_size': [3, 3, 3]}",0.5790598290598291,0.550997150997151,"[[ 77 157]
 [ 40 194]]",pt,nilc-fasttext-100dim,0.6885317485262438,0.6853902538617452
_grid,lstm lstm attention,0.0,brmoral,politics,"{'features_maps': [10, 10], 'kernel_size': [3, 4], 'strides': [1], 'dropout_rate': 0.2, 'epochs': 100, 'batch_size': 2, 'embedding_dim': 100, 'max_seq_length': None, 'max_num_words': None, 'dense_units': [128], 'optimizer': None, 'pool_size': [3, 3, 3]}",0.3383838383838384,0.17749559082892416,"[[132   0   0]
 [130   2   0]
 [131   1   0]]",pt,nilc-fasttext-100dim,1.10120539016247,1.0951974391937256
_grid,lstm lstm attention,0.0,brmoral,gender,"{'features_maps': [10, 10], 'kernel_size': [3, 4], 'strides': [1], 'dropout_rate': 0.2, 'epochs': 100, 'batch_size': 2, 'embedding_dim': 100, 'max_seq_length': None, 'max_num_words': None, 'dense_units': [128], 'optimizer': None, 'pool_size': [3, 3, 3]}",0.4934782608695652,0.3304221251819505,"[[  0 230]
 [  3 227]]",pt,nilc-fasttext-100dim,0.6908615261663528,0.6903098837222927
_grid,lstm lstm attention,0.0,brmoral,age,"{'features_maps': [10, 10], 'kernel_size': [3, 4], 'strides': [1], 'dropout_rate': 0.2, 'epochs': 100, 'batch_size': 2, 'embedding_dim': 100, 'max_seq_length': None, 'max_num_words': None, 'dense_units': [128], 'optimizer': None, 'pool_size': [3, 3, 3]}",0.3648293963254593,0.3624823348694317,"[[41 62 24]
 [41 59 27]
 [41 47 39]]",pt,nilc-fasttext-100dim,1.096686639448488,1.0887172133834273
_grid,lstm lstm attention,0.0,brmoral,religion,"{'features_maps': [10, 10], 'kernel_size': [3, 4], 'strides': [1], 'dropout_rate': 0.2, 'epochs': 100, 'batch_size': 2, 'embedding_dim': 100, 'max_seq_length': None, 'max_num_words': None, 'dense_units': [128], 'optimizer': None, 'pool_size': [3, 3, 3]}",0.3356481481481481,0.2607324244854317,"[[97  0 47]
 [93  0 51]
 [96  0 48]]",pt,nilc-fasttext-100dim,1.1010611723974322,1.1008270978927612
_grid,lstm lstm attention,0.0,brmoral,education,"{'features_maps': [10, 10], 'kernel_size': [3, 4], 'strides': [1], 'dropout_rate': 0.2, 'epochs': 100, 'batch_size': 2, 'embedding_dim': 100, 'max_seq_length': None, 'max_num_words': None, 'dense_units': [128], 'optimizer': None, 'pool_size': [3, 3, 3]}",0.3359173126614987,0.2444375538116779,"[[110   6  13]
 [106   8  15]
 [107  10  12]]",pt,nilc-fasttext-100dim,1.0989648691689675,1.0971723000208538
_grid,lstm lstm attention,0.0,brmoral,it,"{'features_maps': [10, 10], 'kernel_size': [3, 4], 'strides': [1], 'dropout_rate': 0.2, 'epochs': 100, 'batch_size': 2, 'embedding_dim': 100, 'max_seq_length': None, 'max_num_words': None, 'dense_units': [128], 'optimizer': None, 'pool_size': [3, 3, 3]}",0.5427350427350427,0.4787225183211194,"[[ 45 189]
 [ 25 209]]",pt,nilc-fasttext-100dim,0.6914475478024263,0.6872704227765402
_grid,lstm lstm attention,0.0,brmoral,politics,"{'features_maps': [10, 10], 'kernel_size': [3, 4], 'strides': [1], 'dropout_rate': 0.2, 'epochs': 100, 'batch_size': 2, 'embedding_dim': 100, 'max_seq_length': None, 'max_num_words': None, 'dense_units': [128], 'optimizer': None, 'pool_size': [3, 3, 3]}",0.33585858585858586,0.17696707201954578,"[[131   0   1]
 [129   0   3]
 [130   0   2]]",pt,nilc-fasttext-100dim,1.0981328907115773,1.0970927874247234
